{"current":{"heading_color":"#1c1b1b","text_color":"#1c1b1b","text_light_color":"#6a6a6a","link_color":"#6a6a6a","background":"#FFFFFF","light_background":"#ffffff","product_on_sale_color":"#000000","button_background":"#1c1b1b","button_text_color":"#ffffff","header_background":"#ffffff","header_heading_color":"#1c1b1b","header_light_color":"#6a6a6a","footer_background":"#fff6ea","footer_heading_color":"#000000","footer_text_color":"#000000","navigation_background":"#1c1b1b","navigation_text_color":"#ffffff","newsletter_popup_background":"#1c1b1b","newsletter_popup_text_color":"#ffffff","secondary_elements_background":"#1c1b1b","secondary_elements_text_color":"#ffffff","heading_font":"playfair_display_n4","heading_size":"large","uppercase_heading":true,"text_font":"sans-serif","base_text_font_size":15,"currency_code_enabled":false,"show_page_transition":false,"show_element_staggering":true,"search_mode":"product,article","product_show_price_on_hover":false,"product_show_secondary_image":false,"show_product_rating":true,"product_info_alignment":"center","product_image_size":"natural","product_list_horizontal_spacing":"medium","product_list_vertical_spacing":"small","cart_type":"page","cart_enable_notes":true,"cart_show_free_shipping_threshold":false,"cart_free_shipping_threshold":"$75","social_facebook":"https:\/\/www.facebook.com\/Avausjoyas","social_pinterest":"https:\/\/www.pinterest.com\/avausjewelry","social_instagram":"https:\/\/www.instagram.com\/avausjewelry\/","social_tiktok":"https:\/\/www.tiktok.com\/@avausjewelry","favicon":"shopify:\/\/shop_images\/vertical_on_white_by_logaster.png","checkout_logo_position":"center","checkout_logo_size":"small","checkout_body_background_color":"#ffffff","checkout_input_background_color_mode":"white","checkout_sidebar_background_color":"#efefef","checkout_accent_color":"#1c1b1b","checkout_button_color":"#1c1b1b","sections":{"sidebar-menu":{"type":"sidebar-menu","settings":{"primary_menu":"main-menu","secondary_menu":"footer","show_social_media":true}},"announcement":{"type":"announcement","settings":{"enable_bar":true,"home_page_only":false,"background":"#1c1b1b","text_color":"#ffffff","content":"SHINE THIS SEASON |  Free Shipping on Orders Over $75","link":""}},"header":{"type":"header","blocks":{"mega_menu_mDcmHD":{"type":"mega_menu","settings":{"navigation_mega_menu":"","push_1_heading":"Example heading","push_1_subheading":"Example sub-heading","push_1_url":"","push_2_heading":"Example heading","push_2_subheading":"Example sub-heading","push_2_url":""}}},"block_order":["mega_menu_mDcmHD"],"settings":{"use_sticky_header":true,"logo":"shopify:\/\/shop_images\/smallsize_tagline_on_transparent_by_logaster.png","logo_max_width":160,"mobile_logo_max_width":90,"show_country_selector":true,"show_locale_selector":true,"navigation_menu":"main-menu","navigation_style":"inline","show_icons":true,"enable_transparent_header":false,"enable_transparent_header_collection":false,"show_transparent_header_border":true,"transparent_text_color":"#1a1a1a"}},"footer":{"type":"footer","blocks":{"footer-0":{"type":"text","settings":{"title":"Our Promise","content":"<p>At Avaus Jewelry, we’re passionate about creating pieces that radiate joy and inspire confidence. <\/p><p>Our jewelry is crafted with care, ensuring exceptional quality that stands the test of time. <\/p><p>Each piece is designed to elevate your style and brighten your day, making you feel as amazing as you truly are <\/p>","show_social_media":true}},"footer-2":{"type":"newsletter","settings":{"title":"Newsletter","content":"<p>Hey you! <\/p><p>Enter your email address for new arrivals, discounts, promotions and more! <\/p>"}},"footer-1":{"type":"links","settings":{"menu":"footer"}}},"block_order":["footer-0","footer-2","footer-1"],"settings":{"show_payment_methods":true,"show_country_selector":true,"show_locale_selector":true}},"popup":{"type":"popup","custom_css":[],"settings":{"show_popup":false,"show_only_on_index":false,"show_only_for_visitors":false,"show_only_once":false,"title":"Register to get  %10 Discount","content":"<p>Get 10% Off Orders $80+ when you subscribe to our email newsletter.<\/p>","show_newsletter":true,"apparition_delay":8}}},"content_for_index":[],"blocks":{"8208493610395315515":{"type":"shopify:\/\/apps\/dondy-whatsapp-chat-widget\/blocks\/app-block\/7f5a70cb-e171-4cc7-ac02-e2220203abd6","disabled":false,"settings":{}},"16278478101612877664":{"type":"shopify:\/\/apps\/pagefly-page-builder\/blocks\/app-embed\/83e179f7-59a0-4589-8c66-c0dddf959200","disabled":false,"settings":{}},"15683396631634586217":{"type":"shopify:\/\/apps\/inbox\/blocks\/chat\/841fc607-4181-4ad1-842d-e24d7f8bad6b","disabled":false,"settings":{"button_color":"#202a36","button_icon":"chat_bubble","button_text":"chat_with_us","button_horizontal_position":"bottom_right","button_vertical_position":"lowest","greeting_message":"👋 Hi, message us with any questions. We're happy to help!"}},"1639135474517437502":{"type":"shopify:\/\/apps\/adoric-pop-ups-email-popup\/blocks\/adoric-app-embed\/5093b4c9-1f84-4db8-8760-f4b25b818e1c","disabled":false,"settings":{}},"10112818894266855621":{"type":"shopify:\/\/apps\/ufe-cross-sell-upsell-bundle\/blocks\/app-embed\/588d2ac5-62f3-4ccd-8638-da98ec61fa90","disabled":false,"settings":{}},"855628211100114053":{"type":"shopify:\/\/apps\/klaviyo-email-marketing-sms\/blocks\/klaviyo-onsite-embed\/2632fe16-c075-4321-a88b-50b567f42507","disabled":false,"settings":{}}}},"presets":{"Allure":{"heading_color":"#1c1b1b","text_color":"#1c1b1b","text_light_color":"#6a6a6a","link_color":"#6a6a6a","background":"#efefef","light_background":"#ffffff","product_on_sale_color":"#f94c43","button_background":"#1c1b1b","button_text_color":"#ffffff","header_background":"#ffffff","header_heading_color":"#1c1b1b","header_light_color":"#6a6a6a","footer_background":"#ffffff","footer_heading_color":"#1c1b1b","footer_text_color":"#6a6a6a","newsletter_popup_background":"#1c1b1b","newsletter_popup_text_color":"#ffffff","secondary_elements_background":"#1c1b1b","secondary_elements_text_color":"#ffffff","navigation_background":"#1c1b1b","navigation_text_color":"#ffffff","heading_font":"montserrat_n5","heading_size":"small","uppercase_heading":true,"text_font":"nunito_sans_n4","base_text_font_size":14,"show_page_transition":false,"search_mode":"product,article","product_show_price_on_hover":false,"product_show_secondary_image":false,"product_info_alignment":"center","product_image_size":"natural","product_list_horizontal_spacing":"medium","product_list_vertical_spacing":"small","cart_type":"drawer","cart_enable_notes":true,"cart_show_free_shipping_threshold":false,"cart_free_shipping_threshold":"50","checkout_logo_position":"center","checkout_logo_size":"small","checkout_body_background_color":"#ffffff","checkout_input_background_color_mode":"white","checkout_sidebar_background_color":"#efefef","checkout_accent_color":"#1c1b1b","checkout_button_color":"#1c1b1b","sections":{"sidebar-menu":{"type":"sidebar-menu","settings":{"primary_menu":"main-menu","show_social_media":true}},"announcement":{"type":"announcement","settings":{"background":"#000000","text_color":"#ffffff","content":"Announce something here"}},"header":{"type":"header","settings":{"use_sticky_header":true,"logo_max_width":140,"navigation_menu":"main-menu","navigation_style":"inline","enable_transparent_header":true,"transparent_text_color":"#ffffff"}},"footer":{"type":"footer","blocks":{"footer-0":{"type":"text","settings":{"title":"About the shop","content":"<p>Use this text area to tell your customers about your brand and vision. You can change it in the theme settings.<\/p>","show_social_media":true}},"footer-1":{"type":"links","settings":{"menu":"footer"}},"footer-2":{"type":"newsletter","settings":{"title":"Newsletter","content":"<p>Subscribe to receive updates, access to exclusive deals, and more.<\/p>"}}},"block_order":["footer-0","footer-1","footer-2"],"settings":{"show_payment_methods":true}}}},"Couture":{"heading_color":"#5c5c5c","text_color":"#5c5c5c","text_light_color":"#939393","link_color":"#323232","background":"#ffffff","light_background":"#ffffff","product_on_sale_color":"#f94c43","button_background":"#5c5c5c","button_text_color":"#ffffff","header_background":"#ffffff","header_heading_color":"#5c5c5c","header_light_color":"#939393","footer_background":"#ffffff","footer_heading_color":"#5c5c5c","footer_text_color":"#939393","newsletter_popup_background":"#ffffff","newsletter_popup_text_color":"#1c1b1b","secondary_elements_background":"#5c5c5c","secondary_elements_text_color":"#ffffff","navigation_background":"#ffffff","navigation_text_color":"#5c5c5c","heading_font":"futura_n4","heading_size":"large","uppercase_heading":false,"text_font":"century_gothic_n4","base_text_font_size":15,"show_page_transition":false,"search_mode":"product,article","product_show_price_on_hover":true,"product_show_secondary_image":false,"product_info_alignment":"left","product_image_size":"natural","product_list_horizontal_spacing":"small","product_list_vertical_spacing":"small","cart_type":"drawer","cart_enable_notes":true,"cart_show_free_shipping_threshold":false,"cart_free_shipping_threshold":"50","checkout_logo_position":"center","checkout_logo_size":"small","checkout_body_background_color":"#fff","checkout_input_background_color_mode":"white","checkout_sidebar_background_color":"#fafafa","checkout_accent_color":"#323232","checkout_button_color":"#5c5c5c","sections":{"sidebar-menu":{"type":"sidebar-menu","settings":{"primary_menu":"main-menu","show_social_media":true}},"announcement":{"type":"announcement","settings":{"background":"#f3f3f3","text_color":"#5c5c5c","content":"Announce something here"}},"header":{"type":"header","settings":{"use_sticky_header":true,"logo_max_width":140,"navigation_menu":"main-menu","navigation_style":"center","enable_transparent_header":true,"transparent_text_color":"#ffffff"}},"footer":{"type":"footer","blocks":{"footer-0":{"type":"text","settings":{"title":"About the shop","content":"<p>Use this text area to tell your customers about your brand and vision. You can change it in the theme settings.<\/p>","show_social_media":true}},"footer-1":{"type":"links","settings":{"menu":"footer"}},"footer-2":{"type":"newsletter","settings":{"title":"Newsletter","content":"<p>Subscribe to receive updates, access to exclusive deals, and more.<\/p>"}}},"block_order":["footer-0","footer-1","footer-2"],"settings":{"show_payment_methods":true}}}},"Vogue":{"heading_color":"#303030","text_color":"#303030","text_light_color":"#595959","link_color":"#000000","background":"#ffffff","light_background":"#ffffff","product_on_sale_color":"#f94c43","button_background":"#f5db8b","button_text_color":"#303030","header_background":"#ffffff","header_heading_color":"#303030","header_light_color":"#595959","footer_background":"#ffffff","footer_heading_color":"#303030","footer_text_color":"#595959","navigation_background":"#ffffff","navigation_text_color":"#303030","newsletter_popup_background":"#ffffff","newsletter_popup_text_color":"#303030","secondary_elements_background":"#fce7a8","secondary_elements_text_color":"#303030","heading_font":"din_neuzeit_grotesk_n3","heading_size":"small","uppercase_heading":true,"text_font":"futura_n4","base_text_font_size":14,"show_page_transition":false,"show_element_staggering":false,"search_mode":"product,article","product_show_price_on_hover":true,"product_show_secondary_image":false,"product_info_alignment":"center","product_image_size":"natural","product_list_horizontal_spacing":"medium","product_list_vertical_spacing":"small","cart_type":"drawer","cart_enable_notes":true,"cart_show_free_shipping_threshold":false,"cart_free_shipping_threshold":"50","checkout_logo_position":"left","checkout_logo_size":"medium","checkout_body_background_color":"#fff","checkout_input_background_color_mode":"white","checkout_sidebar_background_color":"#fafafa","checkout_accent_color":"#a17c5e","checkout_button_color":"#454545","sections":{"sidebar-menu":{"type":"sidebar-menu","settings":{"primary_menu":"main-menu","show_social_media":true}},"announcement":{"type":"announcement","settings":{"background":"#f1e4d8","text_color":"#343434","content":"Announce something here"}},"header":{"type":"header","settings":{"use_sticky_header":true,"logo_max_width":140,"navigation_menu":"main-menu","navigation_style":"inline","enable_transparent_header":true,"transparent_text_color":"#ffffff"}},"footer":{"type":"footer","blocks":{"footer-0":{"type":"text","settings":{"title":"About the shop","content":"<p>Use this text area to tell your customers about your brand and vision. You can change it in the theme settings.<\/p>","show_social_media":true}},"footer-1":{"type":"links","settings":{"menu":"footer"}},"footer-2":{"type":"newsletter","settings":{"title":"Newsletter","content":"<p>Subscribe to receive updates, access to exclusive deals, and more.<\/p>"}}},"block_order":["footer-0","footer-1","footer-2"],"settings":{"show_payment_methods":true}}}}},"platform_customizations":{"custom_css":["\/* Custom CSS for the entire theme *\/body {font-family: \"Centaur Bold\", sans-serif; background-color: #f4f4f4; color: #333;}",".btn {background-color: #28a745; color: #fff; padding: 10px 20px; text-decoration: none;}"," \/* Additional custom styles as needed *\/.product__title {text-transform: none;"]}}