{"sections":{"slideshow":{"type":"slideshow","blocks":{"dc5ea6ff-ef59-4ed5-b1c9-87dd1ce09ad8":{"type":"image","settings":{"image":"shopify:\/\/shop_images\/banners_Website_1366_x_768_px_4.png","mobile_image":"shopify:\/\/shop_images\/banners_celular_web_7.png","apply_overlay":false,"content_position":"middleLeft","subheading":"","title":"","button_1_text":"","button_1_link":"shopify:\/\/collections\/glow-amore","button_2_text":"","button_2_link":""}}},"block_order":["dc5ea6ff-ef59-4ed5-b1c9-87dd1ce09ad8"],"settings":{"show_fullscreen":true,"show_arrow":false,"autoplay":true,"cycle_speed":5,"text_color":"#ffffff","button_color":"#ffffff","button_background":"#c38c5b"}},"featured_collections_DtMxnm":{"type":"featured-collections","blocks":{"collection_JmP7cq":{"type":"collection","settings":{"collection":"new-arrivals","title":"New Arrival","grid_items_count":8,"button_text":"View all products"}}},"block_order":["collection_JmP7cq"],"settings":{"title":"Find Your Style with Avaus","layout_mode":"grid","show_product_info":true,"show_vendor":false,"show_color_swatch":true,"grid_mobile_items_per_row":"2","grid_desktop_items_per_row":4}},"featured-collections":{"type":"featured-collections","blocks":{"featured-collection-0":{"type":"collection","settings":{"collection":"necklaces","title":"Necklace","grid_items_count":8,"button_text":"View All"}},"7367b273-f5f6-42a8-bc5e-cbb67e10c37b":{"type":"collection","settings":{"collection":"bracelets","title":"Bracelets","grid_items_count":9,"button_text":"View All"}}},"block_order":["featured-collection-0","7367b273-f5f6-42a8-bc5e-cbb67e10c37b"],"settings":{"title":"","layout_mode":"carousel","show_product_info":true,"show_vendor":false,"show_color_swatch":true,"grid_mobile_items_per_row":"1","grid_desktop_items_per_row":3}},"custom_html_DA8yik":{"type":"custom-html","name":"Custom HTML","settings":{"subheading":"","title":"","html":"<div class=\"klaviyo-form-Y9RsNk\"><\/div>"}},"image_with_text_overlay_twLFTe":{"type":"image-with-text-overlay","settings":{"section_size":"small","image":"shopify:\/\/shop_images\/Subscribe_today_for_special_deals_free_surprises_and_timeless_jewelry_tips..png","text_color":"#ffffff","overlay_color":"#000000","overlay_opacity":4,"subheading":"","title":"","content":""}},"71774632-de28-4008-a14a-bab0842a7d2c":{"type":"recently-viewed-products","settings":{"title":"Jewelry You’ll Love","show_product_info":true,"show_vendor":false,"show_color_swatch":true}},"1889977a-84e4-42d5-97cb-f5170a07e616":{"type":"image-with-text-overlay","settings":{"section_size":"normal","image":"shopify:\/\/shop_images\/OVERLAY.png","text_color":"#ffffff","overlay_color":"#000000","overlay_opacity":43,"subheading":"","title":"Jewelry Designed to Inspire and Shine","content":"<p>At <strong>Avaus Jewelry<\/strong>, we inspire style with modern and fresh jewelry that enhances your beauty and motivates you to feel confident on any occasion. Our stainless steel pieces, hypoallergenic and water-resistant, are the perfect accessory to elevate your look with freshness and versatility. Each Avaus piece is that essential detail that transforms and completes your everyday and special occasion style.<\/p>"}},"1730834319d0f0b7c4":{"type":"apps","settings":{"include_margins":true}}},"order":["slideshow","featured_collections_DtMxnm","featured-collections","custom_html_DA8yik","image_with_text_overlay_twLFTe","71774632-de28-4008-a14a-bab0842a7d2c","1889977a-84e4-42d5-97cb-f5170a07e616","1730834319d0f0b7c4"]}