{"sections":{"main":{"type":"main-product","blocks":{"product_meta":{"type":"product_meta","settings":{"show_vendor":true,"show_sku":false,"show_product_rating":false,"show_taxes_included":false}},"klaviyo_reviews_average_rating_C7wPfn":{"type":"shopify:\/\/apps\/klaviyo-reviews\/blocks\/average-rating\/db20e365-d984-4ac4-9655-e1588d951ca9","settings":{"product":"{{product}}"}},"description":{"type":"description","settings":{}},"share_buttons":{"type":"share_buttons","settings":{}},"variant_selector":{"type":"variant_selector","settings":{"selector_mode":"dropdown","show_color_swatch":true,"show_color_carousel":false,"size_chart":""}},"quantity_selector":{"type":"quantity_selector","settings":{"show_label":false}},"buy_buttons":{"type":"buy_buttons","settings":{"show_price_in_button":false,"show_payment_button":true}}},"block_order":["product_meta","klaviyo_reviews_average_rating_C7wPfn","description","share_buttons","variant_selector","quantity_selector","buy_buttons"],"settings":{"image_size":"large","stack_images":true,"show_thumbnails":true,"enable_image_zoom":true,"enable_video_looping":false}},"judgeme_section_review_widget_6d95":{"type":"apps","blocks":{"judge_me_reviews_review_widget_XdB8GK":{"type":"shopify:\/\/apps\/judge-me-reviews\/blocks\/review_widget\/61ccd3b1-a9f2-4160-9fe9-4fec8413e5d8","settings":{}}},"block_order":["judge_me_reviews_review_widget_XdB8GK"],"settings":{"include_margins":true}},"recently-viewed-products":{"type":"recently-viewed-products","settings":{"title":"Recently viewed","show_product_info":true,"show_vendor":false,"show_color_swatch":false}},"17293555987005c1e7":{"type":"apps","settings":{"include_margins":true}},"1737502986a92158e8":{"type":"apps","blocks":{"klaviyo_reviews_product_reviews_tLPDCC":{"type":"shopify:\/\/apps\/klaviyo-reviews\/blocks\/product-reviews\/db20e365-d984-4ac4-9655-e1588d951ca9","settings":{}}},"block_order":["klaviyo_reviews_product_reviews_tLPDCC"],"settings":{"include_margins":true}}},"order":["main","judgeme_section_review_widget_6d95","recently-viewed-products","17293555987005c1e7","1737502986a92158e8"]}